,name,time_to_no_change,percentage_adopting,clustering_coefficient,density,avg_path_len
0,random_early_adopters,1,0.05625,0.17417417417417416,0.06392405063291139,3.2620253164556963
1,random_early_adopters,1,0.056962025316455694,0.15667311411992263,0.06458941901979877,3.110353781239857
2,get_nHighestDegreeNodes,12,0.135,0.17662337662337663,0.0680379746835443,inf
3,get_nHighestDegreeNodes,9,0.0962962962962963,0.16387665198237886,0.0654320987654321,3.0574074074074074
4,get_nLowestDegreeNodes,1,0.05125,0.21142162818955043,0.05917721518987342,3.564240506329114
5,get_nLowestDegreeNodes,1,0.052500000000000005,0.13250883392226148,0.06740506329113924,3.026898734177215
6,eig_centrality_early_adopters,7,0.07530864197530864,0.12524271844660195,0.0654320987654321,3.137962962962963
7,eig_centrality_early_adopters,7,0.0975,0.1419753086419753,0.0629746835443038,3.162025316455696
