,name,time_to_no_change,percentage_adopting,clustering_coefficient,density,avg_path_len
0,assortativeGraph_random_early_adopters,1,0.057499999999999996,0.21712538226299694,0.0629746835443038,3.4664556962025315
1,assortativeGraph_get_nHighestDegreeNodes,5,0.09620253164556962,0.16411378555798686,0.06329113924050633,3.1639078221356702
2,assortativeGraph_get_nLowestDegreeNodes,2,0.058024691358024696,0.18373493975903615,0.06450617283950617,3.255246913580247
