,name,time_to_no_change,percentage_adopting,clustering_coefficient,density,avg_path_len
0,assortativeGraph_random_early_adopters_add_random_edges,1,0.058750000000000004,0.1496881496881497,0.06360759493670887,3.220886075949367
1,assortativeGraph_random_early_adopters_add_edges_betweenness,3,0.06329113924050633,0.18448438978240303,0.0655631288542681,3.050632911392405
2,assortativeGraph_get_nHighestDegreeNodes_add_random_edges,12,0.10246913580246915,0.17408123791102514,0.06450617283950617,3.1827160493827162
3,assortativeGraph_get_nHighestDegreeNodes_add_edges_betweenness,6,0.08227848101265822,0.17478813559322035,0.06264199935086011,3.1856540084388185
4,assortativeGraph_get_nLowestDegreeNodes_add_random_edges,0,0.04875,0.18374164810690424,0.061708860759493674,3.257278481012658
5,assortativeGraph_get_nLowestDegreeNodes_add_edges_betweenness,0,0.04875,0.16558441558441558,0.06962025316455696,2.8955696202531644
6,assortativeGraph_eig_centrality_early_adopters_add_random_edges,12,0.1075,0.1542056074766355,0.06835443037974684,3.0522151898734178
7,assortativeGraph_eig_centrality_early_adopters_add_edges_betweenness,11,0.09367088607594937,0.12539184952978055,0.06329113924050633,3.146056475170399
